Node,AnimationPlayer,AnimationTree,CodeEdit,GraphEdit,GraphNode,MeshInstance3D,Node3D,RichTextLabel,TileMap,Tree,AcceptDialog,AnimatableBody2D,AnimatableBody3D,AnimatedSprite2D,AnimatedSprite3D,AnimationMixer,Area2D,Area3D,AspectRatioContainer,AudioListener2D,AudioListener3D,AudioStreamPlayer,AudioStreamPlayer2D,AudioStreamPlayer3D,BackBufferCopy,BaseButton,Bone2D,BoneAttachment3D,BoxContainer,Button,CpuParticles2D,CpuParticles3D,CsgBox3D,CsgCombiner3D,CsgCylinder3D,CsgMesh3D,CsgPolygon3D,CsgPrimitive3D,CsgShape3D,CsgSphere3D,CsgTorus3D,Camera2D,Camera3D,CanvasGroup,CanvasItem,CanvasLayer,CanvasModulate,CenterContainer,CharacterBody2D,CharacterBody3D,CheckBox,CheckButton,CollisionObject2D,CollisionObject3D,CollisionPolygon2D,CollisionPolygon3D,CollisionShape2D,CollisionShape3D,ColorPicker,ColorPickerButton,ColorRect,ConeTwistJoint3D,ConfirmationDialog,Container,Control,DampedSpringJoint2D,Decal,DirectionalLight2D,DirectionalLight3D,FileDialog,FlowContainer,FogVolume,FoldableContainer,GpuParticles2D,GpuParticles3D,GpuParticlesAttractor3D,GpuParticlesAttractorBox3D,GpuParticlesAttractorSphere3D,GpuParticlesAttractorVectorField3D,GpuParticlesCollision3D,GpuParticlesCollisionBox3D,GpuParticlesCollisionHeightField3D,GpuParticlesCollisionSdf3D,GpuParticlesCollisionSphere3D,Generic6DofJoint3D,GeometryInstance3D,GraphElement,GraphFrame,GridContainer,GridMap,GrooveJoint2D,HBoxContainer,HFlowContainer,HScrollBar,HSeparator,HSlider,HSplitContainer,HttpRequest,HingeJoint3D,ImporterMeshInstance3D,InstancePlaceholder,ItemList,Joint2D,Joint3D,Label,Label3D,Light2D,Light3D,LightOccluder2D,LightmapGI,LightmapProbe,Line2D,LineEdit,LinkButton,LookAtModifier3D,MarginContainer,Marker2D,Marker3D,MenuBar,MenuButton,MeshInstance2D,MissingNode,MultiMeshInstance2D,MultiMeshInstance3D,MultiplayerSpawner,MultiplayerSynchronizer,NavigationAgent2D,NavigationAgent3D,NavigationLink2D,NavigationLink3D,NavigationObstacle2D,NavigationObstacle3D,NavigationRegion2D,NavigationRegion3D,NinePatchRect,Node2D,OccluderInstance3D,OmniLight3D,OpenXRCompositionLayer,OpenXRCompositionLayerCylinder,OpenXRCompositionLayerEquirect,OpenXRCompositionLayerQuad,OpenXRHand,OpenXRVisibilityMask,OptionButton,Panel,PanelContainer,Parallax2D,ParallaxBackground,ParallaxLayer,Path2D,Path3D,PathFollow2D,PathFollow3D,PhysicalBone2D,PhysicalBone3D,PhysicalBoneSimulator3D,PhysicsBody2D,PhysicsBody3D,PinJoint2D,PinJoint3D,PointLight2D,Polygon2D,Popup,PopupMenu,PopupPanel,ProgressBar,Range,RayCast2D,RayCast3D,ReferenceRect,ReflectionProbe,RemoteTransform2D,RemoteTransform3D,ResourcePreloader,RetargetModifier3D,RigidBody2D,RigidBody3D,RootMotionView,ScrollBar,ScrollContainer,Separator,ShaderGlobalsOverride,ShapeCast2D,ShapeCast3D,Skeleton2D,Skeleton3D,SkeletonIK3D,SkeletonModifier3D,Slider,SliderJoint3D,SoftBody3D,SpinBox,SplitContainer,SpotLight3D,SpringArm3D,SpringBoneCollision3D,SpringBoneCollisionCapsule3D,SpringBoneCollisionPlane3D,SpringBoneCollisionSphere3D,SpringBoneSimulator3D,Sprite2D,Sprite3D,SpriteBase3D,StaticBody2D,StaticBody3D,StatusIndicator,SubViewport,SubViewportContainer,TabBar,TabContainer,TextEdit,TextureButton,TextureProgressBar,TextureRect,TileMapLayer,Timer,TouchScreenButton,VBoxContainer,VFlowContainer,VScrollBar,VSeparator,VSlider,VSplitContainer,VehicleBody3D,VehicleWheel3D,VideoStreamPlayer,Viewport,VisibleOnScreenEnabler2D,VisibleOnScreenEnabler3D,VisibleOnScreenNotifier2D,VisibleOnScreenNotifier3D,VisualInstance3D,VoxelGI,Window,WorldEnvironment,XRAnchor3D,XRBodyModifier3D,XRCamera3D,XRController3D,XRFaceModifier3D,XRHandModifier3D,XRNode3D,XROrigin3D
AnimationPlayer,AnimationMixer
AnimationTree,AnimationMixer
CodeEdit,TextEdit
GraphEdit,Control
GraphNode,GraphElement
MeshInstance3D,GeometryInstance3D,SoftBody3D
Node3D,Node,MeshInstance3D,AnimatableBody3D,AnimatedSprite3D,Area3D,AudioListener3D,AudioStreamPlayer3D,BoneAttachment3D,CpuParticles3D,CsgBox3D,CsgCombiner3D,CsgCylinder3D,CsgMesh3D,CsgPolygon3D,CsgPrimitive3D,CsgShape3D,CsgSphere3D,CsgTorus3D,Camera3D,CharacterBody3D,CollisionObject3D,CollisionPolygon3D,CollisionShape3D,ConeTwistJoint3D,Decal,DirectionalLight3D,FogVolume,GpuParticles3D,GpuParticlesAttractor3D,GpuParticlesAttractorBox3D,GpuParticlesAttractorSphere3D,GpuParticlesAttractorVectorField3D,GpuParticlesCollision3D,GpuParticlesCollisionBox3D,GpuParticlesCollisionHeightField3D,GpuParticlesCollisionSdf3D,GpuParticlesCollisionSphere3D,Generic6DofJoint3D,GeometryInstance3D,GridMap,HingeJoint3D,ImporterMeshInstance3D,Joint3D,Label3D,Light3D,LightmapGI,LightmapProbe,LookAtModifier3D,Marker3D,MultiMeshInstance3D,NavigationLink3D,NavigationObstacle3D,NavigationRegion3D,OccluderInstance3D,OmniLight3D,OpenXRCompositionLayer,OpenXRCompositionLayerCylinder,OpenXRCompositionLayerEquirect,OpenXRCompositionLayerQuad,OpenXRHand,OpenXRVisibilityMask,Path3D,PathFollow3D,PhysicalBone3D,PhysicalBoneSimulator3D,PhysicsBody3D,PinJoint3D,RayCast3D,ReflectionProbe,RemoteTransform3D,RetargetModifier3D,RigidBody3D,RootMotionView,ShapeCast3D,Skeleton3D,SkeletonIK3D,SkeletonModifier3D,SliderJoint3D,SoftBody3D,SpotLight3D,SpringArm3D,SpringBoneCollision3D,SpringBoneCollisionCapsule3D,SpringBoneCollisionPlane3D,SpringBoneCollisionSphere3D,SpringBoneSimulator3D,Sprite3D,SpriteBase3D,StaticBody3D,VehicleBody3D,VehicleWheel3D,VisibleOnScreenEnabler3D,VisibleOnScreenNotifier3D,VisualInstance3D,VoxelGI,XRAnchor3D,XRBodyModifier3D,XRCamera3D,XRController3D,XRFaceModifier3D,XRHandModifier3D,XRNode3D,XROrigin3D
RichTextLabel,Control
TileMap,Node2D
Tree,Control
AcceptDialog,Window,ConfirmationDialog,FileDialog
AnimatableBody2D,StaticBody2D
AnimatableBody3D,StaticBody3D
AnimatedSprite2D,Node2D
AnimatedSprite3D,SpriteBase3D
AnimationMixer,Node,AnimationPlayer,AnimationTree
Area2D,CollisionObject2D
Area3D,CollisionObject3D
AspectRatioContainer,Container
AudioListener2D,Node2D
AudioListener3D,Node3D
AudioStreamPlayer,Node
AudioStreamPlayer2D,Node2D
AudioStreamPlayer3D,Node3D
BackBufferCopy,Node2D
BaseButton,Control,Button,CheckBox,CheckButton,ColorPickerButton,LinkButton,MenuButton,OptionButton,TextureButton
Bone2D,Node2D
BoneAttachment3D,Node3D
BoxContainer,Container,ColorPicker,HBoxContainer,VBoxContainer
Button,BaseButton,CheckBox,CheckButton,ColorPickerButton,MenuButton,OptionButton
CpuParticles2D,Node2D
CpuParticles3D,GeometryInstance3D
CsgBox3D,CsgPrimitive3D
CsgCombiner3D,CsgShape3D
CsgCylinder3D,CsgPrimitive3D
CsgMesh3D,CsgPrimitive3D
CsgPolygon3D,CsgPrimitive3D
CsgPrimitive3D,CsgShape3D,CsgBox3D,CsgCylinder3D,CsgMesh3D,CsgPolygon3D,CsgSphere3D,CsgTorus3D
CsgShape3D,GeometryInstance3D,CsgBox3D,CsgCombiner3D,CsgCylinder3D,CsgMesh3D,CsgPolygon3D,CsgPrimitive3D,CsgSphere3D,CsgTorus3D
CsgSphere3D,CsgPrimitive3D
CsgTorus3D,CsgPrimitive3D
Camera2D,Node2D
Camera3D,Node3D,XRCamera3D
CanvasGroup,Node2D
CanvasItem,Node,CodeEdit,GraphEdit,GraphNode,RichTextLabel,TileMap,Tree,AnimatableBody2D,AnimatedSprite2D,Area2D,AspectRatioContainer,AudioListener2D,AudioStreamPlayer2D,BackBufferCopy,BaseButton,Bone2D,BoxContainer,Button,CpuParticles2D,Camera2D,CanvasGroup,CanvasModulate,CenterContainer,CharacterBody2D,CheckBox,CheckButton,CollisionObject2D,CollisionPolygon2D,CollisionShape2D,ColorPicker,ColorPickerButton,ColorRect,Container,Control,DampedSpringJoint2D,DirectionalLight2D,FlowContainer,FoldableContainer,GpuParticles2D,GraphElement,GraphFrame,GridContainer,GrooveJoint2D,HBoxContainer,HFlowContainer,HScrollBar,HSeparator,HSlider,HSplitContainer,ItemList,Joint2D,Label,Light2D,LightOccluder2D,Line2D,LineEdit,LinkButton,MarginContainer,Marker2D,MenuBar,MenuButton,MeshInstance2D,MultiMeshInstance2D,NavigationLink2D,NavigationObstacle2D,NavigationRegion2D,NinePatchRect,Node2D,OptionButton,Panel,PanelContainer,Parallax2D,ParallaxLayer,Path2D,PathFollow2D,PhysicalBone2D,PhysicsBody2D,PinJoint2D,PointLight2D,Polygon2D,ProgressBar,Range,RayCast2D,ReferenceRect,RemoteTransform2D,RigidBody2D,ScrollBar,ScrollContainer,Separator,ShapeCast2D,Skeleton2D,Slider,SpinBox,SplitContainer,Sprite2D,StaticBody2D,SubViewportContainer,TabBar,TabContainer,TextEdit,TextureButton,TextureProgressBar,TextureRect,TileMapLayer,TouchScreenButton,VBoxContainer,VFlowContainer,VScrollBar,VSeparator,VSlider,VSplitContainer,VideoStreamPlayer,VisibleOnScreenEnabler2D,VisibleOnScreenNotifier2D
CanvasLayer,Node,ParallaxBackground
CanvasModulate,Node2D
CenterContainer,Container
CharacterBody2D,PhysicsBody2D
CharacterBody3D,PhysicsBody3D
CheckBox,Button
CheckButton,Button
CollisionObject2D,Node2D,AnimatableBody2D,Area2D,CharacterBody2D,PhysicalBone2D,PhysicsBody2D,RigidBody2D,StaticBody2D
CollisionObject3D,Node3D,AnimatableBody3D,Area3D,CharacterBody3D,PhysicalBone3D,PhysicsBody3D,RigidBody3D,StaticBody3D,VehicleBody3D
CollisionPolygon2D,Node2D
CollisionPolygon3D,Node3D
CollisionShape2D,Node2D
CollisionShape3D,Node3D
ColorPicker,VBoxContainer
ColorPickerButton,Button
ColorRect,Control
ConeTwistJoint3D,Joint3D
ConfirmationDialog,AcceptDialog,FileDialog
Container,Control,GraphNode,AspectRatioContainer,BoxContainer,CenterContainer,ColorPicker,FlowContainer,FoldableContainer,GraphElement,GraphFrame,GridContainer,HBoxContainer,HFlowContainer,HSplitContainer,MarginContainer,PanelContainer,ScrollContainer,SplitContainer,SubViewportContainer,TabContainer,VBoxContainer,VFlowContainer,VSplitContainer
Control,CanvasItem,CodeEdit,GraphEdit,GraphNode,RichTextLabel,Tree,AspectRatioContainer,BaseButton,BoxContainer,Button,CenterContainer,CheckBox,CheckButton,ColorPicker,ColorPickerButton,ColorRect,Container,FlowContainer,FoldableContainer,GraphElement,GraphFrame,GridContainer,HBoxContainer,HFlowContainer,HScrollBar,HSeparator,HSlider,HSplitContainer,ItemList,Label,LineEdit,LinkButton,MarginContainer,MenuBar,MenuButton,NinePatchRect,OptionButton,Panel,PanelContainer,ProgressBar,Range,ReferenceRect,ScrollBar,ScrollContainer,Separator,Slider,SpinBox,SplitContainer,SubViewportContainer,TabBar,TabContainer,TextEdit,TextureButton,TextureProgressBar,TextureRect,VBoxContainer,VFlowContainer,VScrollBar,VSeparator,VSlider,VSplitContainer,VideoStreamPlayer
DampedSpringJoint2D,Joint2D
Decal,VisualInstance3D
DirectionalLight2D,Light2D
DirectionalLight3D,Light3D
FileDialog,ConfirmationDialog
FlowContainer,Container,HFlowContainer,VFlowContainer
FogVolume,VisualInstance3D
FoldableContainer,Container
GpuParticles2D,Node2D
GpuParticles3D,GeometryInstance3D
GpuParticlesAttractor3D,VisualInstance3D,GpuParticlesAttractorBox3D,GpuParticlesAttractorSphere3D,GpuParticlesAttractorVectorField3D
GpuParticlesAttractorBox3D,GpuParticlesAttractor3D
GpuParticlesAttractorSphere3D,GpuParticlesAttractor3D
GpuParticlesAttractorVectorField3D,GpuParticlesAttractor3D
GpuParticlesCollision3D,VisualInstance3D,GpuParticlesCollisionBox3D,GpuParticlesCollisionHeightField3D,GpuParticlesCollisionSdf3D,GpuParticlesCollisionSphere3D
GpuParticlesCollisionBox3D,GpuParticlesCollision3D
GpuParticlesCollisionHeightField3D,GpuParticlesCollision3D
GpuParticlesCollisionSdf3D,GpuParticlesCollision3D
GpuParticlesCollisionSphere3D,GpuParticlesCollision3D
Generic6DofJoint3D,Joint3D
GeometryInstance3D,VisualInstance3D,MeshInstance3D,AnimatedSprite3D,CpuParticles3D,CsgBox3D,CsgCombiner3D,CsgCylinder3D,CsgMesh3D,CsgPolygon3D,CsgPrimitive3D,CsgShape3D,CsgSphere3D,CsgTorus3D,GpuParticles3D,Label3D,MultiMeshInstance3D,SoftBody3D,Sprite3D,SpriteBase3D
GraphElement,Container,GraphNode,GraphFrame
GraphFrame,GraphElement
GridContainer,Container
GridMap,Node3D
GrooveJoint2D,Joint2D
HBoxContainer,BoxContainer
HFlowContainer,FlowContainer
HScrollBar,ScrollBar
HSeparator,Separator
HSlider,Slider
HSplitContainer,SplitContainer
HttpRequest,Node
HingeJoint3D,Joint3D
ImporterMeshInstance3D,Node3D
InstancePlaceholder,Node
ItemList,Control
Joint2D,Node2D,DampedSpringJoint2D,GrooveJoint2D,PinJoint2D
Joint3D,Node3D,ConeTwistJoint3D,Generic6DofJoint3D,HingeJoint3D,PinJoint3D,SliderJoint3D
Label,Control
Label3D,GeometryInstance3D
Light2D,Node2D,DirectionalLight2D,PointLight2D
Light3D,VisualInstance3D,DirectionalLight3D,OmniLight3D,SpotLight3D
LightOccluder2D,Node2D
LightmapGI,VisualInstance3D
LightmapProbe,Node3D
Line2D,Node2D
LineEdit,Control
LinkButton,BaseButton
LookAtModifier3D,SkeletonModifier3D
MarginContainer,Container
Marker2D,Node2D
Marker3D,Node3D
MenuBar,Control
MenuButton,Button
MeshInstance2D,Node2D
MultiMeshInstance2D,Node2D
MultiMeshInstance3D,GeometryInstance3D
MultiplayerSpawner,Node
MultiplayerSynchronizer,Node
NavigationAgent2D,Node
NavigationAgent3D,Node
NavigationLink2D,Node2D
NavigationLink3D,Node3D
NavigationObstacle2D,Node2D
NavigationObstacle3D,Node3D
NavigationRegion2D,Node2D
NavigationRegion3D,Node3D
NinePatchRect,Control
Node2D,CanvasItem,TileMap,AnimatableBody2D,AnimatedSprite2D,Area2D,AudioListener2D,AudioStreamPlayer2D,BackBufferCopy,Bone2D,CpuParticles2D,Camera2D,CanvasGroup,CanvasModulate,CharacterBody2D,CollisionObject2D,CollisionPolygon2D,CollisionShape2D,DampedSpringJoint2D,DirectionalLight2D,GpuParticles2D,GrooveJoint2D,Joint2D,Light2D,LightOccluder2D,Line2D,Marker2D,MeshInstance2D,MultiMeshInstance2D,NavigationLink2D,NavigationObstacle2D,NavigationRegion2D,Parallax2D,ParallaxLayer,Path2D,PathFollow2D,PhysicalBone2D,PhysicsBody2D,PinJoint2D,PointLight2D,Polygon2D,RayCast2D,RemoteTransform2D,RigidBody2D,ShapeCast2D,Skeleton2D,Sprite2D,StaticBody2D,TileMapLayer,TouchScreenButton,VisibleOnScreenEnabler2D,VisibleOnScreenNotifier2D
OccluderInstance3D,VisualInstance3D
OmniLight3D,Light3D
OpenXRCompositionLayer,Node3D,OpenXRCompositionLayerCylinder,OpenXRCompositionLayerEquirect,OpenXRCompositionLayerQuad
OpenXRCompositionLayerCylinder,OpenXRCompositionLayer
OpenXRCompositionLayerEquirect,OpenXRCompositionLayer
OpenXRCompositionLayerQuad,OpenXRCompositionLayer
OpenXRHand,Node3D
OpenXRVisibilityMask,VisualInstance3D
OptionButton,Button
Panel,Control
PanelContainer,Container
Parallax2D,Node2D
ParallaxBackground,CanvasLayer
ParallaxLayer,Node2D
Path2D,Node2D
Path3D,Node3D
PathFollow2D,Node2D
PathFollow3D,Node3D
PhysicalBone2D,RigidBody2D
PhysicalBone3D,PhysicsBody3D
PhysicalBoneSimulator3D,SkeletonModifier3D
PhysicsBody2D,CollisionObject2D,AnimatableBody2D,CharacterBody2D,PhysicalBone2D,RigidBody2D,StaticBody2D
PhysicsBody3D,CollisionObject3D,AnimatableBody3D,CharacterBody3D,PhysicalBone3D,RigidBody3D,StaticBody3D,VehicleBody3D
PinJoint2D,Joint2D
PinJoint3D,Joint3D
PointLight2D,Light2D
Polygon2D,Node2D
Popup,Window,PopupMenu,PopupPanel
PopupMenu,Popup
PopupPanel,Popup
ProgressBar,Range
Range,Control,HScrollBar,HSlider,ProgressBar,ScrollBar,Slider,SpinBox,TextureProgressBar,VScrollBar,VSlider
RayCast2D,Node2D
RayCast3D,Node3D
ReferenceRect,Control
ReflectionProbe,VisualInstance3D
RemoteTransform2D,Node2D
RemoteTransform3D,Node3D
ResourcePreloader,Node
RetargetModifier3D,SkeletonModifier3D
RigidBody2D,PhysicsBody2D,PhysicalBone2D
RigidBody3D,PhysicsBody3D,VehicleBody3D
RootMotionView,VisualInstance3D
ScrollBar,Range,HScrollBar,VScrollBar
ScrollContainer,Container
Separator,Control,HSeparator,VSeparator
ShaderGlobalsOverride,Node
ShapeCast2D,Node2D
ShapeCast3D,Node3D
Skeleton2D,Node2D
Skeleton3D,Node3D
SkeletonIK3D,SkeletonModifier3D
SkeletonModifier3D,Node3D,LookAtModifier3D,PhysicalBoneSimulator3D,RetargetModifier3D,SkeletonIK3D,SpringBoneSimulator3D,XRBodyModifier3D,XRHandModifier3D
Slider,Range,HSlider,VSlider
SliderJoint3D,Joint3D
SoftBody3D,MeshInstance3D
SpinBox,Range
SplitContainer,Container,HSplitContainer,VSplitContainer
SpotLight3D,Light3D
SpringArm3D,Node3D
SpringBoneCollision3D,Node3D,SpringBoneCollisionCapsule3D,SpringBoneCollisionPlane3D,SpringBoneCollisionSphere3D
SpringBoneCollisionCapsule3D,SpringBoneCollision3D
SpringBoneCollisionPlane3D,SpringBoneCollision3D
SpringBoneCollisionSphere3D,SpringBoneCollision3D
SpringBoneSimulator3D,SkeletonModifier3D
Sprite2D,Node2D
Sprite3D,SpriteBase3D
SpriteBase3D,GeometryInstance3D,AnimatedSprite3D,Sprite3D
StaticBody2D,PhysicsBody2D,AnimatableBody2D
StaticBody3D,PhysicsBody3D,AnimatableBody3D
StatusIndicator,Node
SubViewport,Viewport
SubViewportContainer,Container
TabBar,Control
TabContainer,Container
TextEdit,Control,CodeEdit
TextureButton,BaseButton
TextureProgressBar,Range
TextureRect,Control
TileMapLayer,Node2D
Timer,Node
TouchScreenButton,Node2D
VBoxContainer,BoxContainer,ColorPicker
VFlowContainer,FlowContainer
VScrollBar,ScrollBar
VSeparator,Separator
VSlider,Slider
VSplitContainer,SplitContainer
VehicleBody3D,RigidBody3D
VehicleWheel3D,Node3D
VideoStreamPlayer,Control
Viewport,Node,AcceptDialog,ConfirmationDialog,FileDialog,Popup,PopupMenu,PopupPanel,SubViewport,Window
VisibleOnScreenEnabler2D,VisibleOnScreenNotifier2D
VisibleOnScreenEnabler3D,VisibleOnScreenNotifier3D
VisibleOnScreenNotifier2D,Node2D,VisibleOnScreenEnabler2D
VisibleOnScreenNotifier3D,VisualInstance3D,VisibleOnScreenEnabler3D
VisualInstance3D,Node3D,MeshInstance3D,AnimatedSprite3D,CpuParticles3D,CsgBox3D,CsgCombiner3D,CsgCylinder3D,CsgMesh3D,CsgPolygon3D,CsgPrimitive3D,CsgShape3D,CsgSphere3D,CsgTorus3D,Decal,DirectionalLight3D,FogVolume,GpuParticles3D,GpuParticlesAttractor3D,GpuParticlesAttractorBox3D,GpuParticlesAttractorSphere3D,GpuParticlesAttractorVectorField3D,GpuParticlesCollision3D,GpuParticlesCollisionBox3D,GpuParticlesCollisionHeightField3D,GpuParticlesCollisionSdf3D,GpuParticlesCollisionSphere3D,GeometryInstance3D,Label3D,Light3D,LightmapGI,MultiMeshInstance3D,OccluderInstance3D,OmniLight3D,OpenXRVisibilityMask,ReflectionProbe,RootMotionView,SoftBody3D,SpotLight3D,Sprite3D,SpriteBase3D,VisibleOnScreenEnabler3D,VisibleOnScreenNotifier3D,VoxelGI
VoxelGI,VisualInstance3D
Window,Viewport,AcceptDialog,ConfirmationDialog,FileDialog,Popup,PopupMenu,PopupPanel
WorldEnvironment,Node
XRAnchor3D,XRNode3D
XRBodyModifier3D,SkeletonModifier3D
XRCamera3D,Camera3D
XRController3D,XRNode3D
XRFaceModifier3D,Node3D
XRHandModifier3D,SkeletonModifier3D
XRNode3D,Node3D,XRAnchor3D,XRController3D
XROrigin3D,Node3D
